boneIndex,name,m0,m1,m2,m3,m4,m5,m6,m7,m8,m9,m10,m11,m12,m13,m14,m15
0,Root,-100.0,0.0,-8.742279533180408e-06,0.0,-1.1285356648798195e-29,100.0000228881836,0.0,-0.00015011167852208018,8.742277714191005e-06,0.0,-100.0000228881836,0.6499999761581421,0.0,0.0,0.0,1.0
1,Hips,-100.0,-3.9755285747450185e-20,-8.742281352169812e-06,-6.211761883426153e-22,7.9854062912150205e-28,100.0000228881836,-4.547474050965727e-13,0.7879102230072021,8.742277714191005e-06,-4.547474050965727e-13,-100.00003051757812,0.6499999761581421,0.0,0.0,0.0,1.0
2,Spine,-100.0,-3.975527605392738e-20,-8.742282261664513e-06,-1.0588815797314493e-28,4.96023796437317e-27,100.0000228881836,-4.547472966763555e-13,1.0079102516174316,8.742278623685706e-06,-4.547473508864641e-13,-100.00003051757812,0.6499999761581421,0.0,0.0,0.0,1.0
3,Chest,-100.0,8.780441618227997e-08,-8.741841156734154e-06,2.3161057151484775e-22,9.13817530090455e-07,99.55217742919922,-9.45345687866211,1.2179104089736938,8.694386451679748e-06,-9.453458786010742,-99.55218505859375,0.6499999761581421,0.0,0.0,0.0,1.0
4,Neck,-99.99100494384766,-9.203130701962436e-09,-1.340559720993042,1.7561098408780396e-10,0.12672938406467438,99.55219268798828,-9.452619552612305,1.417014718055725,1.3345565795898438,-9.453471183776855,-99.54324340820312,0.6310930848121643,0.0,0.0,0.0,1.0
5,Head,-99.99100494384766,-1.8364810117077468e-08,-1.340559720993042,1.3731179387965753e-11,0.12672936916351318,99.55219268798828,-9.452621459960938,1.5514103174209595,1.334556221961975,-9.453472137451172,-99.54325103759766,0.6183308959007263,0.0,0.0,0.0,1.0
6,Clavicle.L,-33.60036849975586,94.17070007324219,1.7025693655014038,0.040000006556510925,7.207470417022705,0.7684396505355835,99.73700714111328,1.3871490955352783,93.9099349975586,33.634700775146484,-7.0455241203308105,0.6339291334152222,0.0,0.0,0.0,1.0
7,UpperArm.L,-48.46025085449219,47.30839538574219,73.57660675048828,0.23500008881092072,-74.55425262451172,-66.33267974853516,-6.453474521636963,1.3887399435043335,45.75227355957031,-57.981834411621094,67.41545104980469,0.7035766839981079,0.0,0.0,0.0,1.0
8,Forearm.L,-36.82211685180664,-78.10696411132812,50.432411193847656,0.3698965907096863,-37.52861022949219,-37.141876220703125,-84.92399597167969,1.1995974779129028,85.06311798095703,-50.19743347167969,-15.636005401611328,0.5382458567619324,0.0,0.0,0.0,1.0
9,Hand.L,-79.53776550292969,-20.700420379638672,-56.966957092285156,0.16178537905216217,25.86978530883789,-96.5904541015625,-1.0210274457931519,1.1006348133087158,-54.81333541870117,-15.549345970153809,82.18103790283203,0.40449798107147217,0.0,0.0,0.0,1.0
10,Index1.L,-79.6148910522461,-45.47669982910156,-39.91659927368164,0.12090905755758286,37.046260833740234,-88.79161834716797,27.26963996887207,1.0099540948867798,-47.84394454956055,6.923056602478027,87.53878784179688,0.3742607533931732,0.0,0.0,0.0,1.0
11,Index2.L,-81.9223403930664,-47.66468048095703,-31.88738441467285,0.10899058729410172,37.94752502441406,-86.7457275390625,32.174171447753906,0.9866838455200195,-42.996665954589844,14.257331848144531,89.15171813964844,0.3760751485824585,0.0,0.0,0.0,1.0
12,Index3.L,-81.97213745117188,-48.6036262512207,-30.302671432495117,0.0977693423628807,37.821556091308594,-85.66417694091797,35.08831024169922,0.9662621021270752,-43.01274490356445,17.301679611206055,88.60342407226562,0.3794316053390503,0.0,0.0,0.0,1.0
13,Middle1.L,-80.98338317871094,-31.908201217651367,-49.22959899902344,0.1410267949104309,21.809263229370117,-94.2756576538086,25.22821807861328,1.0037732124328613,-54.461421966552734,9.694035530090332,83.30658721923828,0.38890478014945984,0.0,0.0,0.0,1.0
14,Middle2.L,-79.42279815673828,-44.68496322631836,-41.17360305786133,0.13045959174633026,36.397098541259766,-89.24726104736328,26.649274826049805,0.972551703453064,-48.654537200927734,6.179602146148682,87.14673614501953,0.39211541414260864,0.0,0.0,0.0,1.0
15,Middle3.L,-80.30812072753906,-42.484981536865234,-41.78062438964844,0.11885329335927963,33.86942672729492,-90.23524475097656,26.65463638305664,0.9493710994720459,-49.025054931640625,7.254973411560059,86.85572814941406,0.39372044801712036,0.0,0.0,0.0,1.0
16,Ring1.L,-81.88799285888672,-21.48596954345703,-53.223175048828125,0.15922240912914276,6.8012895584106445,-95.70816802978516,28.17261505126953,1.0051425695419312,-56.99208068847656,19.450103759765625,79.83488464355469,0.3990130126476288,0.0,0.0,0.0,1.0
17,Ring2.L,-80.46241760253906,-37.09907531738281,-46.362239837646484,0.15292853116989136,27.392621994018555,-92.46612548828125,26.451120376586914,0.9771072864532471,-52.6825065612793,8.583356857299805,84.56295013427734,0.40471065044403076,0.0,0.0,0.0,1.0
18,Ring3.L,-81.7341079711914,-32.370269775390625,-47.66233444213867,0.1437881588935852,22.052453994750977,-94.00194549560547,26.025419235229492,0.9543257355690002,-53.22805404663086,10.760915756225586,83.97014617919922,0.40682536363601685,0.0,0.0,0.0,1.0
19,Little1.L,-81.42755889892578,-20.269559860229492,-54.39390182495117,0.1752510368824005,-2.363020420074463,-92.47022247314453,37.99581527709961,1.009110450744629,-57.99979019165039,32.22438049316406,74.8172607421875,0.411919504404068,0.0,0.0,0.0,1.0
20,Little2.L,-81.40619659423828,-27.69008445739746,-51.05177307128906,0.17071479558944702,14.920839309692383,-94.92346954345703,27.69317054748535,0.9884160757064819,-56.12840270996094,14.926619529724121,81.4051742553711,0.419131338596344,0.0,0.0,0.0,1.0
21,Little3.L,-81.66422271728516,-26.6135311126709,-51.21195602416992,0.16662441194057465,11.8302583694458,-94.56842041015625,30.27977752685547,0.9743943810462952,-56.48889923095703,18.66926383972168,80.37702178955078,0.4213363230228424,0.0,0.0,0.0,1.0
22,Thumb1.L,-42.44814682006836,-76.558837890625,-48.34139633178711,0.1283389776945114,87.17050170898438,-48.992027282714844,1.0455986261367798,1.072939157485962,-24.483919143676758,-41.69561767578125,87.53297424316406,0.3984715938568115,0.0,0.0,0.0,1.0
23,Thumb2.L,-59.579227447509766,-72.52951049804688,-34.49309539794922,0.10732484608888626,73.78961944580078,-66.38983917236328,12.144447326660156,1.059491753578186,-31.708236694335938,-18.216751098632812,93.0738525390625,0.38702672719955444,0.0,0.0,0.0,1.0
24,Thumb3.L,-63.38808822631836,-69.15995788574219,-34.624298095703125,0.08022674918174744,68.6637191772461,-70.92560577392578,15.964335441589355,1.0346875190734863,-35.59844207763672,-13.654837608337402,92.44621276855469,0.3802207112312317,0.0,0.0,0.0,1.0
25,ForearmTwist1.L,-34.05423355102539,-78.10694885253906,52.34126281738281,0.30052605271339417,-42.045166015625,-37.141883850097656,-82.78099822998047,1.1666102409362793,84.09820556640625,-50.197418212890625,-20.191810607910156,0.4936632513999939,0.0,0.0,0.0,1.0
26,ForearmTwist2.L,-26.353952407836914,-78.10692596435547,56.61066436767578,0.23115527629852295,-53.27030944824219,-37.14189529418945,-76.04444122314453,1.133622407913208,80.42228698730469,-50.19739532470703,-31.819438934326172,0.4490804970264435,0.0,0.0,0.0,1.0
27,ForearmTwist3.L,-18.129728317260742,-78.1069564819336,59.754600524902344,0.16178517043590546,-63.43635559082031,-37.141910552978516,-67.79607391357422,1.100635051727295,75.14744567871094,-50.197410583496094,-42.814491271972656,0.40449804067611694,0.0,0.0,0.0,1.0
28,Clavicle.R,-33.60038757324219,-94.17070007324219,-1.702568769454956,-0.03999999910593033,-7.207470417022705,0.7684416770935059,99.73700714111328,1.3871490955352783,-93.9099349975586,33.63471603393555,-7.0455241203308105,0.6339291334152222,0.0,0.0,0.0,1.0
29,UpperArm.R,-39.46443176269531,-62.26023864746094,-67.57378387451172,-0.23499993979930878,83.01363372802734,-55.68452453613281,2.8242433071136475,1.388739824295044,-39.386497497558594,-54.98088455200195,73.66010284423828,0.703576922416687,0.0,0.0,0.0,1.0
30,Forearm.R,-30.359704971313477,82.53153991699219,-47.61124038696289,-0.4125305414199829,34.16592788696289,-37.21675109863281,-86.29951477050781,1.2299598455429077,-88.94367980957031,-42.46710205078125,-16.898775100708008,0.5468029975891113,0.0,0.0,0.0,1.0
31,Hand.R,-74.89674377441406,7.469541549682617,65.83829498291016,-0.1926300823688507,-18.05010223388672,-97.90480041503906,-9.425957679748535,1.1307982206344604,63.75479507446289,-18.943635940551758,74.67574310302734,0.433651864528656,0.0,0.0,0.0,1.0
32,Index1.R,-72.56895446777344,45.47716522216797,51.62919616699219,-0.166330024600029,-37.569278717041016,-89.057373046875,25.638811111450195,1.0368425846099854,57.63938522338867,-0.7909327745437622,81.71340942382812,0.3977513909339905,0.0,0.0,0.0,1.0
33,Index2.R,-74.82095336914062,50.298255920410156,43.265621185302734,-0.15441130101680756,-30.06437873840332,-83.83599853515625,45.47165298461914,1.0135027170181274,59.14360427856445,21.014726638793945,77.84871673583984,0.39754432439804077,0.0,0.0,0.0,1.0
34,Index3.R,-74.86976623535156,51.62736511230469,41.58287811279297,-0.14257003366947174,-29.937023162841797,-82.29890441894531,48.27705383300781,0.9937660694122314,59.146427154541016,23.696189880371094,77.07266235351562,0.4024914801120758,0.0,0.0,0.0,1.0
35,Middle1.R,-77.87187194824219,11.31821060180664,61.70795440673828,-0.18513956665992737,0.574573278427124,-98.22647857666016,18.741371154785156,1.032618522644043,62.7347412109375,14.948773384094238,76.42573547363281,0.41465502977371216,0.0,0.0,0.0,1.0
36,Middle2.R,-77.34693908691406,26.788236618041992,57.444297790527344,-0.1813911646604538,0.1536797434091568,-90.5504150390625,42.43363952636719,1.0000886917114258,63.38325881958008,32.909358978271484,69.99675750732422,0.4196057617664337,0.0,0.0,0.0,1.0
37,Middle3.R,-77.65972900390625,24.611343383789062,57.99346923828125,-0.1744334101676941,2.8019826412200928,-90.61321258544922,42.206703186035156,0.9765697121620178,62.93737030029297,34.40255355834961,69.68035888671875,0.4281533360481262,0.0,0.0,0.0,1.0
38,Ring1.R,-74.02376556396484,12.650662422180176,66.03366088867188,-0.20172536373138428,-0.5911806225776672,-98.33261108398438,18.175758361816406,1.0357866287231445,67.23197937011719,13.063952445983887,72.86425018310547,0.426902711391449,0.0,0.0,0.0,1.0
39,Ring2.R,-73.18631744384766,30.67896842956543,60.84872817993164,-0.19801947474479675,-6.775270938873291,-92.126220703125,38.29962921142578,1.0069822072982788,67.80758666992188,23.907358169555664,69.5023422241211,0.43072962760925293,0.0,0.0,0.0,1.0
40,Ring3.R,-73.93875122070312,26.240867614746094,62.003883361816406,-0.1904609501361847,-1.3325401544570923,-92.64453125,37.61940383911133,0.9842842817306519,67.31490325927734,26.989025115966797,68.84983825683594,0.4366198480129242,0.0,0.0,0.0,1.0
41,Little1.R,-70.47630310058594,23.994787216186523,66.7633285522461,-0.21554268896579742,-0.7156735062599182,-94.34239959716797,33.1512565612793,1.0412240028381348,70.94071197509766,22.885921478271484,66.66075134277344,0.441692978143692,0.0,0.0,0.0,1.0
42,Little2.R,-70.4521255493164,33.048160552978516,62.80376052856445,-0.21017278730869293,-3.4151904582977295,-89.97187805175781,43.513267517089844,1.0201107263565063,70.88606262207031,28.51111602783203,64.5157470703125,0.44681474566459656,0.0,0.0,0.0,1.0
43,Little3.R,-70.7540512084961,32.59282684326172,62.702213287353516,-0.20529088377952576,-0.31536680459976196,-88.87358856201172,45.84092330932617,1.0068204402923584,70.66659545898438,32.23653793334961,62.984439849853516,0.45102643966674805,0.0,0.0,0.0,1.0
44,Thumb1.R,-49.77361297607422,63.87767028808594,58.670536041259766,-0.16354261338710785,-81.85921478271484,-56.95417404174805,-7.4369120597839355,1.099660038948059,28.664745330810547,-51.72886276245117,80.63786315917969,0.42333799600601196,0.0,0.0,0.0,1.0
45,Thumb2.R,-67.38191986083984,63.62969207763672,37.562461853027344,-0.1460094004869461,-67.5029525756836,-73.6848373413086,3.729051113128662,1.0840272903442383,30.05061149597168,-22.84307289123535,92.60212707519531,0.4091392159461975,0.0,0.0,0.0,1.0
46,Thumb3.R,-70.46725463867188,59.830657958984375,38.139984130859375,-0.1222362220287323,-62.13966369628906,-77.98695373535156,7.530341148376465,1.0564976930618286,34.249671936035156,-18.393646240234375,92.13375854492188,0.40060460567474365,0.0,0.0,0.0,1.0
47,ForearmTwist1.R,-35.31595230102539,82.53155517578125,-44.060428619384766,-0.33923038840293884,24.662330627441406,-37.21672058105469,-89.4801254272461,1.1969058513641357,-90.2471694946289,-42.46708297729492,-7.210774898529053,0.5090860724449158,0.0,0.0,0.0,1.0
48,ForearmTwist2.R,-23.821796417236328,82.53153991699219,-51.19627380371094,-0.2659299671649933,45.23875045776367,-37.21674346923828,-81.04548645019531,1.1638519763946533,-85.94170379638672,-42.46704864501953,-28.47054672241211,0.4713689684867859,0.0,0.0,0.0,1.0
49,ForearmTwist3.R,-10.81516170501709,82.53157806396484,-55.42174530029297,-0.19262997806072235,63.3959846496582,-37.21675109863281,-67.79283142089844,1.1307978630065918,-76.57666015625,-42.46706008911133,-48.29664993286133,0.4336520731449127,0.0,0.0,0.0,1.0
50,Thigh.L,-99.94883728027344,1.3534280061721802,2.8979945182800293,0.10999999940395355,-1.825535774230957,-98.53759002685547,-16.94160270690918,0.8479104042053223,2.626322031021118,-16.985837936401367,98.51188659667969,0.6499999761581421,0.0,0.0,0.0,1.0
51,Shin.L,-99.99044036865234,1.348544716835022,0.3098016083240509,0.11528010666370392,-1.2654762268066406,-98.18207550048828,18.93902015686035,0.46348729729652405,0.5595707297325134,18.933279037475586,98.18975067138672,0.5837334394454956,0.0,0.0,0.0,1.0
52,Foot.L,-100.0000228881836,-7.529636604886036e-06,4.4196544877195265e-06,0.12000000476837158,1.799827842319246e-08,-44.72135925292969,-89.4427719116211,0.11985009908676147,9.072034117707517e-06,-89.44278717041016,44.72135925292969,0.6499998569488525,0.0,0.0,0.0,1.0
53,Thigh.R,-99.94883728027344,-1.3534278869628906,-2.8979766368865967,-0.10999999940395355,1.8255325555801392,-98.53758239746094,-16.941600799560547,0.8479104042053223,-2.6263046264648438,-16.985836029052734,98.51187896728516,0.6499999761581421,0.0,0.0,0.0,1.0
54,Shin.R,-99.99044799804688,-1.3485463857650757,-0.3097851276397705,-0.11528010666370392,1.2654814720153809,-98.18206787109375,18.93901824951172,0.46348732709884644,-0.5595553517341614,18.933279037475586,98.18975067138672,0.5837334394454956,0.0,0.0,0.0,1.0
55,Foot.R,-100.00000762939453,-8.442550097242929e-06,3.869119154842338e-06,-0.11999999731779099,5.407954972724838e-07,-44.721351623535156,-89.44276428222656,0.11985010653734207,8.250566679635085e-06,-89.4427719116211,44.72135543823242,0.6499999165534973,0.0,0.0,0.0,1.0
