side,unityTriangle,blenderPolygon,blenderVertices,x,y,z
L,4188,7180,4090|4100|4096,0.13916432857513428,1.159459114074707,0.45833898584047955
L,4189,7184,4100|3589|4096,0.13689701755841574,1.1595662434895833,0.4543632964293162
L,4189,7184,4100|3589|4096,0.13689701755841574,1.1595662434895833,0.4543632964293162
L,4891,62799,3589|32350|32305|3559,0.13417470455169678,1.1551522016525269,0.45169620712598163
L,4892,62764,4100|32405|32350|3589,0.13407206535339355,1.1555248498916626,0.454411377509435
L,4104,6766,4087|4090|4089,0.15172002712885538,1.157338817914327,0.47018641233444214
L,4104,6766,4087|4090|4089,0.15172002712885538,1.157338817914327,0.47018641233444214
L,4104,6766,4087|4090|4089,0.15172002712885538,1.157338817914327,0.47018641233444214
L,4102,6773,4087|4089|4083,0.15851393342018127,1.157452901204427,0.47373021642367047
L,4190,7179,4090|4096|4094,0.1445639431476593,1.1660213470458984,0.4562140802542369
L,4105,6662,4089|4090|4094,0.14783296982447305,1.1664512952168782,0.45916979511578876
L,4391,6734,3728|3732|3736,0.22518261273701987,1.169670303662618,0.5501563747723898
L,4391,6734,3728|3732|3736,0.22518261273701987,1.169670303662618,0.5501563747723898
L,4401,6807,3732|4110|3736,0.21752451360225677,1.1690441370010376,0.5417419870694479
L,18630,41799,3520|21703|21709,0.2530297537644704,1.0744826793670654,0.5285054047902426
L,18630,41799,3520|21703|21709,0.2530297537644704,1.0744826793670654,0.5285054047902426
L,18630,41799,3520|21703|21709,0.2530297537644704,1.0744826793670654,0.5285054047902426
L,18630,41799,3520|21703|21709,0.2530297537644704,1.0744826793670654,0.5285054047902426
L,18629,41783,3514|21703|3520,0.2433562676111857,1.072896679242452,0.5215203563372294
L,18629,41783,3514|21703|3520,0.2433562676111857,1.072896679242452,0.5215203563372294
L,18629,41783,3514|21703|3520,0.2433562676111857,1.072896679242452,0.5215203563372294
L,4509,6780,3514|3517|3508,0.22513500849405924,1.0647066036860149,0.48998095591862995
L,4509,6780,3514|3517|3508,0.22513500849405924,1.0647066036860149,0.48998095591862995
L,4509,6780,3514|3517|3508,0.22513500849405924,1.0647066036860149,0.48998095591862995
L,4454,6797,3507|3514|3508,0.21848911046981812,1.0655444463094075,0.48638291160265607
L,4452,6782,3508|3504|3507,0.20698444545269012,1.0634561777114868,0.4748568932215373
L,4452,6782,3508|3504|3507,0.20698444545269012,1.0634561777114868,0.4748568932215373
L,4449,6784,3505|3504|3508,0.19991256296634674,1.0626681248346965,0.47089024384816486
L,4456,6800,3505|3508|3513,0.19983085493246713,1.060706337292989,0.46527697642644245
L,4456,6800,3505|3508|3513,0.19983085493246713,1.060706337292989,0.46527697642644245
L,4455,7251,32349|3505|3513|32310,0.19184625645478567,1.060813268025716,0.46232879161834717
L,4457,7251,32349|3505|3513|32310,0.19302641848723093,1.0581481456756592,0.4583142201105754
L,4457,7251,32349|3505|3513|32310,0.19302641848723093,1.0581481456756592,0.4583142201105754
R,5401,44229,23358|23362|23340,-0.23270843426386514,1.1187566916147869,0.5286611517270406
R,5401,44229,23358|23362|23340,-0.23270843426386514,1.1187566916147869,0.5286611517270406
R,5402,44228,23358|23380|23362,-0.23087595403194427,1.1101700067520142,0.5194991032282511
R,5402,44228,23358|23380|23362,-0.23087595403194427,1.1101700067520142,0.5194991032282511
R,5397,44226,23358|23374|23380,-0.22339519361654916,1.1048253377278645,0.5117758313814799
R,5397,44226,23358|23374|23380,-0.22339519361654916,1.1048253377278645,0.5117758313814799
R,5396,44643,23374|23394|23380,-0.2229354828596115,1.099222222963969,0.5036192933718363
R,20923,44655,3782|23071|23394|3819,-0.22749129434426626,1.0900444587071736,0.486974169810613
R,20923,44655,3782|23071|23394|3819,-0.22749129434426626,1.0900444587071736,0.486974169810613
R,20923,44655,3782|23071|23394|3819,-0.22749129434426626,1.0900444587071736,0.486974169810613
R,20921,44654,23394|23071|23072,-0.23020900785923004,1.0911301374435425,0.4875396092732747
R,20921,44654,23394|23071|23072,-0.23020900785923004,1.0911301374435425,0.4875396092732747
R,20921,44654,23394|23071|23072,-0.23020900785923004,1.0911301374435425,0.4875396092732747
R,20921,44654,23394|23071|23072,-0.23020900785923004,1.0911301374435425,0.4875396092732747
R,20921,44654,23394|23071|23072,-0.23020900785923004,1.0911301374435425,0.4875396092732747
R,20924,44655,3782|23071|23394|3819,-0.22368100782235464,1.09202241897583,0.49067944288253784
R,5321,44262,23424|23441|23442,-0.205377126733462,1.178410490353902,0.5259051322937012
R,5316,44244,23426|23424|23442,-0.20336897671222687,1.1776270469029744,0.5215447743733724
R,5316,44244,23426|23424|23442,-0.20336897671222687,1.1776270469029744,0.5215447743733724
R,5302,44216,23425|23424|23426,-0.19887644549210867,1.168799638748169,0.5202544728914896
R,5288,44218,23425|23426|23431,-0.1986034462849299,1.1737350622812908,0.515822152296702
R,5273,7668,23439|3764|3796|23450,-0.1759010155995687,1.1784547170003254,0.4984120229880015
R,5273,7668,23439|3764|3796|23450,-0.1759010155995687,1.1784547170003254,0.4984120229880015
R,5274,44201,3797|23440|23450|3796,-0.177228311697642,1.174896200497945,0.5018448034922282
R,5286,44203,23450|23440|23431,-0.18875186145305634,1.1771593888600667,0.5077722668647766
R,5286,44203,23450|23440|23431,-0.18875186145305634,1.1771593888600667,0.5077722668647766
R,5287,44206,23440|23425|23431,-0.19278068343798319,1.170891006787618,0.5139177838961283
R,5272,7668,23439|3764|3796|23450,-0.17188257972399393,1.1777291297912598,0.49579283595085144
