boneIndex,name,m0,m1,m2,m3,m4,m5,m6,m7,m8,m9,m10,m11,m12,m13,m14,m15
0,Root,1,0,0,0,0,6.123234E-17,1,0,0,-1,6.123234E-17,0,0,0,0,1
1,Hips,1.00000012,0,0,0,0,6.123235E-17,1.00000012,-0.008,0,-1.00000012,6.123122E-17,0,0,0,0,1
2,Spine,1.00000012,0,0,0,0,6.123235E-17,1.00000012,-0.0102000013,0,-1.00000012,6.123122E-17,6.617445E-24,0,0,0,1
3,Chest,1.00000012,0,0,0,0,6.123235E-17,1.00000012,-0.0123000015,0,-1.00000012,6.123122E-17,0,0,0,0,1
4,Neck,1.00000012,0,0,0,0,6.123235E-17,1.00000012,-0.0143000018,0,-1.00000012,6.123122E-17,0,0,0,0,1
5,Head,1.00000012,0,0,0,0,6.123235E-17,1.00000012,-0.0156500023,0,-1.00000012,6.123122E-17,-1.323489E-23,0,0,0,1
6,Clavicle.L,0.336003572,0.941706657,-0.0170254949,0.0003727583,-0.9417064,0.335567027,-0.02414639,-3.863313E-05,-0.0170256272,0.0241463017,0.9995633,-0.0140006943,0,0,0,1
7,UpperArm.L,0.6131463,0.61372745,-0.4973832,0.007952935,-0.61372745,-0.0263466761,-0.7890781,0.009583691,-0.497383237,0.789077938,0.360506833,-0.006746223,0,0,0,1
8,Forearm.L,0.6067172,0.589241743,-0.533561945,0.008365041,-0.5892418,-0.117159694,-0.799417138,0.00700989738,-0.5335617,0.79941684,0.276122928,-0.005913669,0,0,0,1
9,Hand.L,0.0156108784,-0.999199331,0.0368258,4.34165122E-05,-0.389988184,-0.0399979874,-0.9199507,0.00660499837,0.920687437,-3.783498E-07,-0.390300363,0.008955473,0,0,0,1
10,Index1.L,0.07925184,-0.9791669,0.186952069,-0.0011264605,-0.290197968,-0.202081218,-0.9353866,0.00633809157,0.9536793,0.019877987,-0.30016768,0.008381599,0,0,0,1
11,Index2.L,0.0564979725,-0.9894668,0.133276656,-0.000815213658,-0.107027739,-0.138722986,-0.9845308,0.007616778,0.9926497,0.0413597077,-0.113738023,0.007053951,0,0,0,1
12,Index3.L,0.0559710562,-0.9896635,0.1320337,-0.000808312,-0.0736728,-0.135974318,-0.987969339,0.00761534972,0.9957105,0.0455704,-0.08052187,0.0068014916,0,0,0,1
13,Middle1.L,-0.028858345,-0.997262239,-0.06807679,0.0006805075,-0.351702154,0.073880516,-0.933192,0.005918291,0.935667038,-0.002987639,-0.352871478,0.00872339,0,0,0,1
14,Middle2.L,-0.009768747,-0.9996863,-0.0230447743,0.000423646648,-0.164120421,0.0243362859,-0.986140132,0.00720188161,0.986391962,-0.005851236,-0.16430667,0.007465251,0,0,0,1
15,Middle3.L,-0.0203132629,-0.998644352,-0.0479194224,0.0005587909,-0.166100666,0.0506340824,-0.984807968,0.006911218,0.985899448,-0.0120452167,-0.166904077,0.00748502929,0,0,0,1
16,Ring1.L,-0.09185088,-0.9719132,-0.21667476,0.00178423687,-0.356935829,0.235270336,-0.904016,0.0056017926,0.929602,-0.005695678,-0.368520468,0.008843149,0,0,0,1
17,Ring2.L,-0.06790951,-0.9847459,-0.160197616,0.00146169309,-0.159343183,0.169212416,-0.972613335,0.007141055,0.9848847,-0.040523313,-0.168403774,0.00751249772,0,0,0,1
18,Ring3.L,-0.08900024,-0.9736526,-0.209950373,0.00173273333,-0.162917987,0.222178519,-0.9612982,0.00674909865,0.98261714,-0.05135109,-0.178399473,0.0075867027,0,0,0,1
19,Little1.L,-0.118064813,-0.9531478,-0.278512865,0.00236319541,-0.186668366,0.2967778,-0.9365247,0.006906506,0.9753026,-0.0585810766,-0.212961555,0.00777142635,0,0,0,1
20,Little2.L,-0.117224418,-0.953828633,-0.276530117,0.00235178042,-0.0518174767,0.2839452,-0.9574395,0.0076875384,0.991753042,-0.09790617,-0.08271035,0.0067830137,0,0,0,1
21,Little3.L,-0.128788874,-0.94398725,-0.303810835,0.00250413362,-0.022610154,0.309077829,-0.950768054,0.007641334,0.9914141,-0.115579166,-0.06114948,0.00661274046,0,0,0,1
22,Thumb1.L,0.285247445,-0.6825328,0.6728913,-0.004530714,0.0456839465,-0.691579163,-0.7208542,0.006939585,0.957364559,0.236362174,-0.166090444,0.006940247,0,0,0,1
23,Thumb2.L,0.21482724,-0.834883749,0.506771863,-0.00345176528,0.0611780323,-0.506364465,-0.8601467,0.008030048,0.97473377,0.2157863,-0.057704363,0.006059838,0,0,0,1
24,Thumb3.L,0.1898777,-0.8736803,0.447916329,-0.00309331063,0.07109452,-0.442783117,-0.8938056,0.008024482,0.979230344,0.201558188,-0.0219607335,0.00577030471,0,0,0,1
25,ForearmTwist1.L,0.6067177,0.5892415,-0.5335619,0.008365042,-0.589241564,-0.117159806,-0.7994175,0.00612175465,-0.5335615,0.799417,0.2761225,-0.005913664,0,0,0,1
26,ForearmTwist2.L,0.6067177,0.5892414,-0.5335615,0.008365041,-0.589241266,-0.11715965,-0.7994175,0.00523361,-0.5335616,0.79941684,0.276122421,-0.005913664,0,0,0,1
27,ForearmTwist3.L,0.606717765,0.589241564,-0.533561647,0.008365041,-0.5892413,-0.117159635,-0.7994174,0.00434546173,-0.5335615,0.79941684,0.2761225,-0.00591366459,0,0,0,1
28,Clavicle.R,0.336003572,-0.941706657,0.0170254949,-0.0003727583,0.9417064,0.335567027,-0.02414639,-3.863313E-05,0.0170256272,0.0241463017,0.9995633,-0.0140006943,0,0,0,1
29,UpperArm.R,0.6131463,-0.61372745,0.4973832,-0.007952935,0.61372745,-0.0263466761,-0.7890781,0.009583691,0.497383237,0.789077938,0.360506833,-0.006746223,0,0,0,1
30,Forearm.R,0.6067172,-0.589241743,0.533561945,-0.008365041,0.5892418,-0.117159694,-0.799417138,0.00700989738,0.5335617,0.79941684,0.276122928,-0.005913669,0,0,0,1
31,Hand.R,0.0156108784,0.999199331,-0.0368258,-4.34165122E-05,0.389988184,-0.0399979874,-0.9199507,0.00660499837,-0.920687437,-3.783498E-07,-0.390300363,0.008955473,0,0,0,1
32,Index1.R,0.07925184,0.9791669,-0.186952069,0.0011264605,0.290197968,-0.202081218,-0.9353866,0.00633809157,-0.9536793,0.019877987,-0.30016768,0.008381599,0,0,0,1
33,Index2.R,0.0564979725,0.9894668,-0.133276656,0.000815213658,0.107027739,-0.138722986,-0.9845308,0.007616778,-0.9926497,0.0413597077,-0.113738023,0.007053951,0,0,0,1
34,Index3.R,0.0559710562,0.9896635,-0.1320337,0.000808312,0.0736728,-0.135974318,-0.987969339,0.00761534972,-0.9957105,0.0455704,-0.08052187,0.0068014916,0,0,0,1
35,Middle1.R,-0.028858345,0.997262239,0.06807679,-0.0006805075,0.351702154,0.073880516,-0.933192,0.005918291,-0.935667038,-0.002987639,-0.352871478,0.00872339,0,0,0,1
36,Middle2.R,-0.009768747,0.9996863,0.0230447743,-0.000423646648,0.164120421,0.0243362859,-0.986140132,0.00720188161,-0.986391962,-0.005851236,-0.16430667,0.007465251,0,0,0,1
37,Middle3.R,-0.0203132629,0.998644352,0.0479194224,-0.0005587909,0.166100666,0.0506340824,-0.984807968,0.006911218,-0.985899448,-0.0120452167,-0.166904077,0.00748502929,0,0,0,1
38,Ring1.R,-0.09185088,0.9719132,0.21667476,-0.00178423687,0.356935829,0.235270336,-0.904016,0.0056017926,-0.929602,-0.005695678,-0.368520468,0.008843149,0,0,0,1
39,Ring2.R,-0.06790951,0.9847459,0.160197616,-0.00146169309,0.159343183,0.169212416,-0.972613335,0.007141055,-0.9848847,-0.040523313,-0.168403774,0.00751249772,0,0,0,1
40,Ring3.R,-0.08900024,0.9736526,0.209950373,-0.00173273333,0.162917987,0.222178519,-0.9612982,0.00674909865,-0.98261714,-0.05135109,-0.178399473,0.0075867027,0,0,0,1
41,Little1.R,-0.118064813,0.9531478,0.278512865,-0.00236319541,0.186668366,0.2967778,-0.9365247,0.006906506,-0.9753026,-0.0585810766,-0.212961555,0.00777142635,0,0,0,1
42,Little2.R,-0.117224418,0.953828633,0.276530117,-0.00235178042,0.0518174767,0.2839452,-0.9574395,0.0076875384,-0.991753042,-0.09790617,-0.08271035,0.0067830137,0,0,0,1
43,Little3.R,-0.128788874,0.94398725,0.303810835,-0.00250413362,0.022610154,0.309077829,-0.950768054,0.007641334,-0.9914141,-0.115579166,-0.06114948,0.00661274046,0,0,0,1
44,Thumb1.R,0.285247445,0.6825328,-0.6728913,0.004530714,-0.0456839465,-0.691579163,-0.7208542,0.006939585,-0.957364559,0.236362174,-0.166090444,0.006940247,0,0,0,1
45,Thumb2.R,0.21482724,0.834883749,-0.506771863,0.00345176528,-0.0611780323,-0.506364465,-0.8601467,0.008030048,-0.97473377,0.2157863,-0.057704363,0.006059838,0,0,0,1
46,Thumb3.R,0.1898777,0.8736803,-0.447916329,0.00309331063,-0.07109452,-0.442783117,-0.8938056,0.008024482,-0.979230344,0.201558188,-0.0219607335,0.00577030471,0,0,0,1
47,ForearmTwist1.R,0.6067177,-0.5892415,0.5335619,-0.008365042,0.589241564,-0.117159806,-0.7994175,0.00612175465,0.5335615,0.799417,0.2761225,-0.005913664,0,0,0,1
48,ForearmTwist2.R,0.6067177,-0.5892414,0.5335615,-0.008365041,0.589241266,-0.11715965,-0.7994175,0.00523361,0.5335616,0.79941684,0.276122421,-0.005913664,0,0,0,1
49,ForearmTwist3.R,0.606717765,-0.589241564,0.533561647,-0.008365041,0.5892413,-0.117159635,-0.7994174,0.00434546173,0.5335615,0.79941684,0.2761225,-0.00591366459,0,0,0,1
50,Thigh.L,0.999342859,0.0256325845,-0.0256241728,0.00131964486,-0.0256325956,-1.16520849E-10,-0.9996714,0.008568978,-0.0256241653,0.9996714,0.0006570298,-3.38370337E-05,0,0,0,1
51,Shin.L,0.999999762,3.7252903E-09,-3.11228954E-09,0.00119999971,-3.11229E-09,-5.820782E-11,-0.9999997,0.00469999854,-3.72528852E-09,0.9999996,-5.820782E-11,-7.665701E-12,0,0,0,1
52,Foot.L,0.999999762,9.313222E-09,-4.36375158E-09,0.00119999971,6.37846842E-09,-0.8944268,-0.4472135,0.0005366561,-8.06806E-09,0.4472136,-0.894427,0.00107331213,0,0,0,1
53,Thigh.R,0.999342859,-0.0256325845,0.0256241728,-0.00131964486,0.0256325956,-1.16520849E-10,-0.9996714,0.008568978,0.0256241653,0.9996714,0.0006570298,-3.38370337E-05,0,0,0,1
54,Shin.R,0.999999762,-3.7252903E-09,3.11228954E-09,-0.00119999971,3.11229E-09,-5.820782E-11,-0.9999997,0.00469999854,3.72528852E-09,0.9999996,-5.820782E-11,-7.665701E-12,0,0,0,1
55,Foot.R,0.999999762,-9.313222E-09,4.36375158E-09,-0.00119999971,-6.37846842E-09,-0.8944268,-0.4472135,0.0005366561,8.06806E-09,0.4472136,-0.894427,0.00107331213,0,0,0,1
