# EnvCloud opacity over the moon disc, across one FULL drift cycle.
# period=1440s, 240 samples (6.0s apart), disc=11056px.
# alpha recovered as 1 - (white_clear - black_clear) on the isolated shell.
t_s	alpha_max	alpha_mean	transmit_min	transmit_mean
0.0	0.03571	0.01683	0.96429	0.98317
6.0	0.03714	0.01632	0.96286	0.98368
12.0	0.03801	0.01588	0.96199	0.98412
18.0	0.03872	0.01581	0.96128	0.98419
24.0	0.03874	0.01597	0.96126	0.98403
30.0	0.04419	0.01623	0.95581	0.98377
36.0	0.05124	0.01661	0.94876	0.98339
42.0	0.05339	0.01691	0.94661	0.98309
48.0	0.05272	0.01724	0.94728	0.98276
54.0	0.05075	0.01754	0.94925	0.98246
60.0	0.04800	0.01795	0.95200	0.98205
66.0	0.04368	0.01841	0.95632	0.98159
72.0	0.04015	0.01880	0.95985	0.98120
78.0	0.03992	0.01901	0.96008	0.98099
84.0	0.03799	0.01925	0.96201	0.98075
90.0	0.03924	0.01946	0.96076	0.98054
96.0	0.04147	0.01960	0.95853	0.98040
102.0	0.04148	0.01961	0.95852	0.98039
108.0	0.03884	0.01926	0.96116	0.98074
114.0	0.03535	0.01842	0.96465	0.98158
120.0	0.03172	0.01706	0.96828	0.98294
126.0	0.02874	0.01534	0.97126	0.98466
132.0	0.02435	0.01337	0.97565	0.98663
138.0	0.02219	0.01145	0.97781	0.98855
144.0	0.02004	0.00963	0.97996	0.99037
150.0	0.02077	0.00796	0.97923	0.99204
156.0	0.02133	0.00637	0.97867	0.99363
162.0	0.02005	0.00481	0.97995	0.99519
168.0	0.01848	0.00359	0.98152	0.99641
174.0	0.01562	0.00272	0.98438	0.99728
180.0	0.01273	0.00210	0.98727	0.99790
186.0	0.00928	0.00172	0.99072	0.99828
192.0	0.00779	0.00148	0.99221	0.99852
198.0	0.00699	0.00129	0.99301	0.99871
204.0	0.00559	0.00100	0.99441	0.99900
210.0	0.00574	0.00081	0.99426	0.99919
216.0	0.00711	0.00072	0.99289	0.99928
222.0	0.00848	0.00064	0.99152	0.99936
228.0	0.00916	0.00050	0.99084	0.99950
234.0	0.01131	0.00034	0.98869	0.99966
240.0	0.00995	0.00021	0.99005	0.99979
246.0	0.00485	0.00009	0.99515	0.99991
252.0	0.00486	0.00006	0.99514	0.99994
258.0	0.00281	0.00007	0.99719	0.99994
264.0	0.00352	0.00012	0.99648	0.99988
270.0	0.00498	0.00021	0.99502	0.99979
276.0	0.00778	0.00039	0.99222	0.99961
282.0	0.00924	0.00054	0.99076	0.99946
288.0	0.00982	0.00056	0.99018	0.99944
294.0	0.00916	0.00049	0.99084	0.99951
300.0	0.00785	0.00029	0.99215	0.99971
306.0	0.00693	0.00012	0.99307	0.99988
312.0	0.00781	0.00006	0.99219	0.99994
318.0	0.00628	0.00002	0.99372	0.99998
324.0	0.00270	0.00000	0.99730	1.00000
330.0	0.00000	0.00000	1.00000	1.00000
336.0	0.00000	0.00000	1.00000	1.00000
342.0	0.00000	0.00000	1.00000	1.00000
348.0	0.00000	0.00000	1.00000	1.00000
354.0	0.00000	0.00000	1.00000	1.00000
360.0	0.00000	0.00000	1.00000	1.00000
366.0	0.00000	0.00000	1.00000	1.00000
372.0	0.00000	0.00000	1.00000	1.00000
378.0	0.00000	0.00000	1.00000	1.00000
384.0	0.00283	0.00000	0.99717	1.00000
390.0	0.00556	0.00003	0.99444	0.99997
396.0	0.00634	0.00009	0.99366	0.99991
402.0	0.00711	0.00016	0.99289	0.99984
408.0	0.00787	0.00024	0.99213	0.99976
414.0	0.00929	0.00026	0.99071	0.99974
420.0	0.00996	0.00026	0.99004	0.99974
426.0	0.00919	0.00024	0.99081	0.99976
432.0	0.00846	0.00022	0.99154	0.99978
438.0	0.00629	0.00013	0.99371	0.99987
444.0	0.00410	0.00006	0.99590	0.99994
450.0	0.00278	0.00001	0.99722	0.99999
456.0	0.00214	0.00000	0.99786	1.00000
462.0	0.00000	0.00000	1.00000	1.00000
468.0	0.00000	0.00000	1.00000	1.00000
474.0	0.00000	0.00000	1.00000	1.00000
480.0	0.00000	0.00000	1.00000	1.00000
486.0	0.00000	0.00000	1.00000	1.00000
492.0	0.00000	0.00000	1.00000	1.00000
498.0	0.00000	0.00000	1.00000	1.00000
504.0	0.00000	0.00000	1.00000	1.00000
510.0	0.00000	0.00000	1.00000	1.00000
516.0	0.00000	0.00000	1.00000	1.00000
522.0	0.00000	0.00000	1.00000	1.00000
528.0	0.00211	0.00000	0.99789	1.00000
534.0	0.00708	0.00002	0.99292	0.99998
540.0	0.01355	0.00024	0.98645	0.99976
546.0	0.02266	0.00080	0.97734	0.99920
552.0	0.03064	0.00194	0.96936	0.99806
558.0	0.03227	0.00360	0.96773	0.99640
564.0	0.03503	0.00550	0.96497	0.99450
570.0	0.03645	0.00741	0.96355	0.99259
576.0	0.03735	0.00924	0.96265	0.99076
582.0	0.03854	0.01085	0.96146	0.98915
588.0	0.03866	0.01194	0.96134	0.98806
594.0	0.03921	0.01234	0.96079	0.98766
600.0	0.03967	0.01232	0.96033	0.98768
606.0	0.03887	0.01211	0.96113	0.98789
612.0	0.03731	0.01165	0.96269	0.98835
618.0	0.03452	0.01105	0.96548	0.98895
624.0	0.03362	0.01041	0.96638	0.98959
630.0	0.03355	0.00960	0.96645	0.99040
636.0	0.03226	0.00853	0.96774	0.99147
642.0	0.02863	0.00736	0.97137	0.99264
648.0	0.02489	0.00648	0.97511	0.99352
654.0	0.01839	0.00586	0.98161	0.99414
660.0	0.01639	0.00551	0.98361	0.99449
666.0	0.01626	0.00561	0.98374	0.99439
672.0	0.01986	0.00638	0.98014	0.99362
678.0	0.02356	0.00747	0.97644	0.99253
684.0	0.03339	0.00869	0.96661	0.99131
690.0	0.03768	0.00991	0.96232	0.99009
696.0	0.03982	0.01097	0.96018	0.98903
702.0	0.04140	0.01158	0.95860	0.98842
708.0	0.04269	0.01222	0.95731	0.98778
714.0	0.04146	0.01297	0.95854	0.98703
720.0	0.04339	0.01403	0.95661	0.98597
726.0	0.04550	0.01530	0.95450	0.98470
732.0	0.04630	0.01639	0.95370	0.98361
738.0	0.04714	0.01723	0.95286	0.98277
744.0	0.04868	0.01781	0.95132	0.98219
750.0	0.04713	0.01781	0.95287	0.98219
756.0	0.04533	0.01739	0.95467	0.98261
762.0	0.04733	0.01618	0.95267	0.98382
768.0	0.04884	0.01404	0.95116	0.98596
774.0	0.04925	0.01110	0.95075	0.98890
780.0	0.04560	0.00779	0.95440	0.99221
786.0	0.03923	0.00497	0.96077	0.99503
792.0	0.02924	0.00280	0.97076	0.99720
798.0	0.02200	0.00135	0.97800	0.99865
804.0	0.01419	0.00053	0.98581	0.99947
810.0	0.01337	0.00022	0.98663	0.99978
816.0	0.01063	0.00008	0.98937	0.99992
822.0	0.00421	0.00001	0.99579	0.99999
828.0	0.00000	0.00000	1.00000	1.00000
834.0	0.00000	0.00000	1.00000	1.00000
840.0	0.00000	0.00000	1.00000	1.00000
846.0	0.00000	0.00000	1.00000	1.00000
852.0	0.00000	0.00000	1.00000	1.00000
858.0	0.00000	0.00000	1.00000	1.00000
864.0	0.00000	0.00000	1.00000	1.00000
870.0	0.00000	0.00000	1.00000	1.00000
876.0	0.00000	0.00000	1.00000	1.00000
882.0	0.00000	0.00000	1.00000	1.00000
888.0	0.00000	0.00000	1.00000	1.00000
894.0	0.00000	0.00000	1.00000	1.00000
900.0	0.00000	0.00000	1.00000	1.00000
906.0	0.00000	0.00000	1.00000	1.00000
912.0	0.00000	0.00000	1.00000	1.00000
918.0	0.00000	0.00000	1.00000	1.00000
924.0	0.00000	0.00000	1.00000	1.00000
930.0	0.00000	0.00000	1.00000	1.00000
936.0	0.00000	0.00000	1.00000	1.00000
942.0	0.00000	0.00000	1.00000	1.00000
948.0	0.00000	0.00000	1.00000	1.00000
954.0	0.00000	0.00000	1.00000	1.00000
960.0	0.00000	0.00000	1.00000	1.00000
966.0	0.00000	0.00000	1.00000	1.00000
972.0	0.00000	0.00000	1.00000	1.00000
978.0	0.00000	0.00000	1.00000	1.00000
984.0	0.00000	0.00000	1.00000	1.00000
990.0	0.00000	0.00000	1.00000	1.00000
996.0	0.00000	0.00000	1.00000	1.00000
1002.0	0.00000	0.00000	1.00000	1.00000
1008.0	0.00000	0.00000	1.00000	1.00000
1014.0	0.00000	0.00000	1.00000	1.00000
1020.0	0.00000	0.00000	1.00000	1.00000
1026.0	0.00000	0.00000	1.00000	1.00000
1032.0	0.00000	0.00000	1.00000	1.00000
1038.0	0.00000	0.00000	1.00000	1.00000
1044.0	0.00000	0.00000	1.00000	1.00000
1050.0	0.00000	0.00000	1.00000	1.00000
1056.0	0.00000	0.00000	1.00000	1.00000
1062.0	0.00000	0.00000	1.00000	1.00000
1068.0	0.00000	0.00000	1.00000	1.00000
1074.0	0.00000	0.00000	1.00000	1.00000
1080.0	0.00000	0.00000	1.00000	1.00000
1086.0	0.00000	0.00000	1.00000	1.00000
1092.0	0.00000	0.00000	1.00000	1.00000
1098.0	0.00000	0.00000	1.00000	1.00000
1104.0	0.00000	0.00000	1.00000	1.00000
1110.0	0.00000	0.00000	1.00000	1.00000
1116.0	0.00000	0.00000	1.00000	1.00000
1122.0	0.00000	0.00000	1.00000	1.00000
1128.0	0.00000	0.00000	1.00000	1.00000
1134.0	0.00000	0.00000	1.00000	1.00000
1140.0	0.00000	0.00000	1.00000	1.00000
1146.0	0.00000	0.00000	1.00000	1.00000
1152.0	0.00000	0.00000	1.00000	1.00000
1158.0	0.00000	0.00000	1.00000	1.00000
1164.0	0.00000	0.00000	1.00000	1.00000
1170.0	0.00000	0.00000	1.00000	1.00000
1176.0	0.00000	0.00000	1.00000	1.00000
1182.0	0.00000	0.00000	1.00000	1.00000
1188.0	0.00000	0.00000	1.00000	1.00000
1194.0	0.00000	0.00000	1.00000	1.00000
1200.0	0.00000	0.00000	1.00000	1.00000
1206.0	0.00000	0.00000	1.00000	1.00000
1212.0	0.00000	0.00000	1.00000	1.00000
1218.0	0.00000	0.00000	1.00000	1.00000
1224.0	0.00000	0.00000	1.00000	1.00000
1230.0	0.00000	0.00000	1.00000	1.00000
1236.0	0.00000	0.00000	1.00000	1.00000
1242.0	0.00000	0.00000	1.00000	1.00000
1248.0	0.00000	0.00000	1.00000	1.00000
1254.0	0.00000	0.00000	1.00000	1.00000
1260.0	0.00000	0.00000	1.00000	1.00000
1266.0	0.00000	0.00000	1.00000	1.00000
1272.0	0.00000	0.00000	1.00000	1.00000
1278.0	0.00000	0.00000	1.00000	1.00000
1284.0	0.00000	0.00000	1.00000	1.00000
1290.0	0.00213	0.00000	0.99787	1.00000
1296.0	0.00336	0.00004	0.99664	0.99996
1302.0	0.00484	0.00013	0.99516	0.99987
1308.0	0.00705	0.00027	0.99295	0.99973
1314.0	0.00785	0.00049	0.99215	0.99951
1320.0	0.00851	0.00087	0.99149	0.99913
1326.0	0.00919	0.00139	0.99081	0.99861
1332.0	0.01050	0.00211	0.98950	0.99789
1338.0	0.01408	0.00316	0.98592	0.99684
1344.0	0.02486	0.00466	0.97514	0.99534
1350.0	0.02856	0.00660	0.97144	0.99340
1356.0	0.03076	0.00880	0.96924	0.99120
1362.0	0.03095	0.01096	0.96905	0.98904
1368.0	0.03201	0.01284	0.96799	0.98716
1374.0	0.03213	0.01449	0.96787	0.98551
1380.0	0.03211	0.01588	0.96789	0.98412
1386.0	0.03143	0.01702	0.96857	0.98298
1392.0	0.03556	0.01798	0.96444	0.98202
1398.0	0.03573	0.01868	0.96427	0.98132
1404.0	0.03564	0.01903	0.96436	0.98097
1410.0	0.03442	0.01912	0.96558	0.98088
1416.0	0.03317	0.01898	0.96683	0.98102
1422.0	0.03197	0.01872	0.96803	0.98128
1428.0	0.03207	0.01817	0.96793	0.98183
1434.0	0.03355	0.01741	0.96645	0.98259
